{
  "firestore": {
    "rules": "firestore.rules",
    "indexes": "firestore.indexes.json"
  },
  "hosting": {
    "public": "src",
    "ignore": ["firebase.json", "**/.*", "**/node_modules/**"]
  },
  "storage": {
    "rules": "storage.rules"
  },
  "remoteconfig": {
    "template": "remoteconfig.template.json"
  },
  "headers": [
    {
      "source": "**/*.@(jpg|jpeg|gif|png)",
      "headers": [
        {
          "key": "Access-Control-Allow-Origin",
          "value": "*"
        }
      ]
    }
  ]
}
